Timestamp,Depth (ft),ROP (ft/hr),WOB (klbf),Torque (ft-lbs),RPM,Standpipe Pressure (psi),Mud Flow Rate (gpm),Hook Load (klbf),Mud Density (ppg),Gas Detection (ppm)
00:00:58,29.359080808255577,35.870734311364046,36.45960906546552,1572.078787416857,158.24736736757384,3832.501902206464,636.1627466018691,154.21047983081047,12.017697299439144,49.31856409610026
00:05:58,69.79981329838452,114.6573315354012,32.73408878619639,691.3171781334989,157.99782371952807,3044.382032896005,278.60553381915304,327.95915257990634,11.5820238028693,59.65302862465845
00:10:58,91.2779918812074,54.214802118660856,40.044803016380285,2515.9754129685416,194.2551695577911,4753.043430557009,356.3840793768462,213.2979830210123,10.328519130050696,32.281037989443426
00:15:58,135.47294876303826,27.91206427756718,19.039371349799858,869.2633936821893,163.2186447505193,3872.711134934347,654.0416796694456,202.46563615388615,13.790286009965074,66.47209203014064
00:20:58,166.94262551245765,127.53729743514806,35.95500753976424,2704.83526558274,176.3137312383135,3045.9721773183883,260.57190036560786,174.74676735178355,12.849550197122117,79.96120020356557
00:25:58,178.34057998068604,27.433817794780225,38.28200325847173,830.6345458976955,123.39450265010998,3460.0911003668098,271.3408636753899,374.4031371883414,14.714483541360874,33.45649628755187
00:30:58,206.2931382809301,99.8314937876181,9.574962039443127,3072.4181321718947,166.55220442261353,3270.22273895895,655.1463266809621,382.1522183745796,13.616762518775726,88.82624940587948
00:35:58,219.4565247489026,113.072905104914,11.953940101056538,3646.286638894294,125.52265618631148,2968.4058530181155,392.0827341983925,446.7366143234095,10.47960268057475,32.234972638088124
00:40:58,236.80020272467328,57.58477462079979,27.38307269330179,2772.204444546409,173.07073670662356,2002.1043867973208,331.92698830915185,477.31326848776206,10.280209016925944,75.18359573736952
00:45:58,281.1603399602044,64.53599490955214,13.41956001996688,3643.250079584615,86.88489112732191,2876.1861770597848,210.9068199653695,152.93107758976362,14.278306942640958,88.65178012989254
00:50:58,296.8605763117981,64.75522287517508,10.21411765357828,2730.019596472767,83.58047459361379,4914.023042204588,278.7557027914222,318.6651026237967,14.276405925169572,70.41144764726613
00:55:58,318.32136914169496,11.431807903546174,37.60310733216715,4787.126164392624,106.4668015609242,3226.509812696902,336.8163684662569,225.8339027046328,11.35361457174109,9.709791984866234
01:00:58,340.8868478323108,115.9346235383293,6.225991304527232,3892.319681148337,141.2753522293767,2382.980098560359,749.3418745533702,212.4811271637797,12.070189877658498,69.37915571007703
01:05:58,381.8485012513785,13.19515340189746,10.993766515714585,4761.413505048588,176.1001120907388,3355.009150416479,390.80885062369344,293.7345624793143,9.923854293564636,76.34597039469755
01:10:58,419.0583394998992,48.78668961078137,16.647618794340914,3834.0181100701625,119.43552569357576,3178.932088469908,545.8865573404635,361.0834391241366,14.963586714458266,79.20537611228465
01:15:58,444.5472077356184,135.58514021747578,44.488181243576975,532.9961785422312,143.2044333495219,3885.87285157514,744.6024703216099,365.7182563403352,13.417968643143244,71.9449118426671
01:20:58,478.4701764184184,59.95944467034367,8.759302892981557,1853.6244576701931,121.21555789628115,2098.7187897386475,469.2708213101632,462.5579408574218,12.830798658796322,69.72465806991697
01:25:58,522.968347186976,39.3210594112517,39.47062919500557,2190.5310708005964,86.12843609621831,2015.44159028426,662.4965359500206,370.19843497700873,13.59657208601249,67.37966506525851
01:30:58,552.6770941730961,137.55558021292129,31.020054387074744,4612.769005180318,105.18277828012071,2593.210837685612,608.6237913281432,454.46921355381227,13.596347362611503,42.84826180518312
01:35:58,574.7571280864644,83.03543675957411,33.367623634232885,2036.4712025394365,98.24755122543584,3330.4914955143017,464.0061699720519,208.31883443840832,14.35041056833437,82.28934464744955
01:40:58,622.9485460763375,23.36050880376631,14.461318894577666,2377.582437322716,150.94577511772883,4663.618392069135,513.0875083443502,387.1963056304991,11.99813376408721,78.31549223493269
01:45:58,667.2141073532019,60.78332456426489,46.19814308266887,2237.435168139104,145.66860412037585,3496.815073702533,746.6075075883437,205.9669052577721,13.475055183912657,2.523721110386368
01:50:58,685.9229662886843,21.999019248453624,22.736737797721933,4480.899875996305,122.5071708925678,3269.396501520834,496.9465010431552,236.8189061067081,9.134359455668912,32.16641138046745
01:55:58,709.6186882629603,19.25668430402965,34.96129340286653,1562.3008951820843,143.79984698928337,4867.097527227585,420.2618636740085,464.9687521957397,12.816575734059168,19.84478435286792
02:00:58,748.9972084090451,103.76618350679868,44.7833188116976,2512.2632846859437,121.45928207501746,4338.129658601976,427.60508329531615,170.60578335158198,13.908496426025906,45.12663940614653
02:05:58,770.6021642849709,13.068875668965171,17.47439169032939,4473.430888087756,116.5914171405769,3616.1813052394673,575.823919440526,147.17276392696448,13.008645731415314,47.76237160203456
02:10:58,799.1360000746549,82.49828701120599,13.028203908545704,1744.701821135557,157.7483550544826,3024.349449433583,353.7232690369393,289.47872265277965,10.404789315888683,70.00928628792761
02:15:58,847.2990370764103,55.48245464111899,47.12013180507557,1882.5816792381672,112.72173938857,3685.209032282994,410.9139747873086,385.2679494041976,10.001407181393397,84.34482130328173
02:20:58,866.285816962555,18.82724870278318,42.751947809375146,4930.891703135459,146.0414844131879,4220.249838451408,241.7413995159788,130.81601193080795,11.96527026658536,29.722016392042597
02:25:58,881.8923986127577,20.380134218552755,9.32251006748636,2217.0784919613643,119.64962406856225,2623.6413579189307,397.9484127746389,234.21439546047117,14.742727820898626,59.895054858830754
02:30:58,913.782128422146,78.06972070107244,17.501469637135315,945.6517054090792,104.4917029688796,3190.0527618052874,311.3841588589196,216.5873624216821,11.165472673035255,77.07863928431962
02:35:58,924.10269298387,33.413777248616114,12.129935240060265,1151.3272300883305,152.7909273545127,3071.188887416348,738.3912566792679,458.67704989171216,14.13198943161866,14.534427720349486
02:40:58,965.1758732351728,21.813267256646814,32.73516448008768,3907.742477780264,188.98814519394705,2642.790774876812,383.9220149409789,347.5364556918456,11.249331788315382,33.43769313357311
02:45:58,986.1113279601084,127.73795077251512,39.27305172107838,3628.843313976113,124.9914008258294,4979.793405667452,715.347125935428,426.5591868540084,14.257989229363773,30.52804204365105
02:50:58,1013.5453897494124,113.91030021624088,16.580688336097886,2690.02910501373,190.90005899433004,4892.602959664714,779.7406588697789,121.92627832984746,10.50858959402535,18.066786346389307
02:55:58,1036.5775608552742,123.67433226662946,48.61210206072556,2912.491579427805,180.07551880717455,4099.278794537683,797.4271099771711,438.4421116442916,9.707016628507088,86.26972053723492
03:00:58,1064.9801696750797,67.97041840625022,23.88749982503602,4644.939939800869,104.85271243140238,3814.896636900961,368.74956152214605,276.5320689771981,13.705784424650574,77.41244705107502
03:05:58,1098.823509328388,94.9628509566992,34.92498237316399,1964.956368075842,109.03694514981854,3794.407614934163,327.93981837677234,173.9949228259598,13.079448117095794,89.00116015163815
03:10:58,1113.2246650644615,37.99552872128994,23.555768586657504,1199.1305295668642,84.49071710114556,4559.317630370848,459.2122418518941,127.74425570351062,9.751726853866652,90.76082680928172
03:15:58,1159.6647320421257,99.45268319350544,25.072862761440096,887.4362578770432,143.80776863065353,3281.692005810931,376.0382271731286,128.7848624718795,12.277386464695931,13.740379666066715
03:20:58,1179.074924001348,18.52805123946822,45.89326493370382,2194.9782418959794,189.26082169688567,2277.107958684807,427.9968643637302,386.60189849280073,13.634909367110009,95.27039305116575
03:25:58,1210.747788911632,69.62033000213562,33.15377611254398,2877.6045327153765,111.30150385438344,4703.857247256224,522.9616263990229,103.7302201551864,12.181335116743297,80.15132252541682
03:30:58,1244.0993937004414,66.24010189423595,40.26375993724396,2174.9327584918706,149.66334342263855,3592.5680799524757,732.9125882527878,382.9870922923234,10.889343348445689,37.641067646941096
03:35:58,1287.5853567224765,52.343815242928926,8.232194798184018,4077.158740444027,149.50870771991083,2551.8964607064554,589.1405282768994,357.062816112274,14.270569932029954,52.77432015518509
03:40:58,1324.3435141249984,120.3911051404422,45.08951362485556,1253.5213598551911,170.88923159077274,2446.2299467464723,271.7369836400495,278.85556881167645,10.310604321572214,7.168576820894046
03:45:58,1350.920971521483,133.1107582935107,39.34722881037898,3451.483672628145,86.88212085212136,4716.430899176694,444.0855255291964,430.0934371588211,11.774239747776006,57.49124936356724
03:50:58,1362.5380420502995,23.484593094455526,24.092239681894053,4346.617777421996,123.88022735623984,3680.068510457217,513.0351284346857,377.1550694811329,12.630613756574162,46.425175735018975
03:55:58,1397.0407105348324,59.67405916938765,44.89858858973695,3281.437240345134,195.99133385282087,2213.764650842535,565.4647298985076,447.7675596126111,10.09941549532482,51.331238756408126
04:00:58,1443.282140512376,146.43705524257408,7.652526780786739,3066.89120700994,183.79051959145008,2321.126457825827,301.3056934768829,420.2112596012532,14.357027062144349,42.86481864996547
04:05:58,1474.0378651279775,46.43288195054035,44.0535220061882,907.2439795399672,104.7002068348451,2426.2803862590017,342.5987888050872,167.39793205508244,13.547562500579687,95.81394541720044
04:10:58,1506.693069946501,54.50506410731468,28.41300772285893,2645.353120179981,102.0600019494988,3733.014893273988,628.6760177184537,438.6669279018121,11.06844039931566,41.16789674736625
04:15:58,1551.3308276948972,15.491254812481312,14.947416639528724,4601.669829871182,104.92297352193656,4481.516453178032,461.6252855408128,471.6234788922728,13.45635641564161,29.25510679420619
04:20:58,1582.8196258850517,21.935739479710787,18.69740344238995,4864.423403420429,198.76856146302,3079.680836340457,735.1632681876183,256.7213800508638,13.959047528595317,54.68495181790869
04:25:58,1599.700887488994,146.68856908131778,18.905019255009755,2090.767365701417,103.95900136716436,4397.904247317024,219.52427375362456,397.0673245668122,11.88979702693019,30.02513216913144
04:30:58,1619.3503729671977,110.13814978047618,35.45601455874613,2226.3473373452853,181.913452473576,2261.0795796859074,577.3374028321879,376.2656146780621,10.895604624483894,13.34456583562883
04:35:58,1636.5472439932269,116.15203693483676,7.37010621201138,1240.2472231704342,103.36496583815816,3533.992887938357,511.39855647360486,260.49832480510906,11.149600418301132,50.34901633525769
04:40:58,1673.7742185387635,96.9738940994089,39.630086101599815,3421.52459334589,87.49383074484717,4978.975093892452,573.4158095504652,348.100250477523,13.793590708766173,88.68396259067481
04:45:58,1699.18386552963,80.67494775124744,43.71450300071701,1670.1188853021465,139.53042218742914,4518.798537755043,579.6828938427095,454.521888184591,14.927231083088582,61.26983747656946
04:50:58,1731.8262980998325,39.78677725178751,38.44503708240244,4302.072544669385,193.74450882716053,3221.4848529240166,644.9082266973217,194.05031654764903,11.46351354864652,81.37272794897771
04:55:58,1765.7495887004768,83.42658756880806,14.07288736922882,776.3022547555279,85.16554797115268,2943.972711537396,549.2540150899692,369.6837514901023,9.203234295210478,19.159790202030518
05:00:58,1790.7279438044727,35.08634560536373,41.347215229700566,4037.546414924583,103.22865010965852,2598.63203417878,596.2441631675791,151.4477204577096,13.131748093413886,71.1569062165188
05:05:58,1829.6624977934516,28.23961729252716,38.59778006119806,1540.7402040307911,192.4620853741106,2138.114012648664,620.1431773243025,317.758289552615,13.72493662091298,11.39378622149183
05:10:58,1841.8749138842416,24.87107902307213,21.40642151460361,721.5218813059435,181.97156071138932,2609.1870241582487,339.0871699138635,130.6471580647774,11.1381897210833,0.8962238406168499
05:15:58,1869.0142401584476,73.51067089586294,45.58504072499397,2082.604398529241,86.93762956228778,3156.623533559985,347.7631593172114,460.2324106448127,14.299624863907788,78.20043446025548
05:20:58,1913.4568254801568,52.081351296156754,38.59324297857959,927.2820253341569,182.73120206554253,2787.765076261806,602.1665134064838,261.7561922280082,14.822377715720004,42.374567713278346
05:25:58,1962.217794190636,126.55012096976296,23.03150903518016,2894.97220020141,181.5941403062945,4561.79336105495,342.3540814820145,226.2809335497758,13.842695383472616,95.80689325819704
05:30:58,1975.4104277326376,124.02805894324652,5.614327505446503,4449.347740035526,156.7093214364847,4368.99110760186,319.8406180090211,194.72918637435043,12.807819600925558,53.64221062748177
05:35:58,1990.294916757466,113.2366265030856,42.18137931690296,915.754434303912,83.4945503318082,4216.404262451395,673.6545630443171,361.0552219322748,12.273435238836854,11.220036997830029
05:40:58,2034.0588795174,57.53944931803264,5.883876471288881,1314.4000752905113,90.17478388126604,3139.105442862783,474.6900163834258,121.34085024067612,11.057410056069925,3.4264058730060776
05:45:58,2049.110217049528,48.34882671298785,16.92066779801927,4001.025397691281,155.50994613475672,2745.639551707616,658.6322607413883,193.2172024192003,14.852659318056062,62.69928022099563
05:50:58,2080.65343067331,36.3305388177386,46.49314357734592,529.4564969715458,99.85775087379513,4222.673127041817,330.814390371792,354.2281536228845,9.088540106855984,65.13849141851387
05:55:58,2112.1848494084943,26.648741972641517,30.297842828512948,2508.3061339773394,80.36635753827792,3561.6008199936346,745.9734134553215,108.94150608602406,11.54258813491569,57.554845559602064
06:00:58,2142.7187667207554,115.50208780743056,5.03940389823317,3215.0675945013195,165.03885568776593,3529.8426913113426,717.6491957586666,171.47835547995496,14.45708510912974,95.8516593647642
06:05:58,2187.667131914182,25.245584957026168,14.532979509667262,2569.200867947829,169.03031826577617,2512.360711954449,232.30109938837165,340.79372204484656,14.468117843029027,35.4965579512905
06:10:58,2223.091386511132,77.20988425071303,47.410104393615605,561.7255059799671,150.0450291241513,3993.571759252696,778.9126421477524,400.10930255820494,11.324454952035754,60.80482456050481
06:15:58,2255.853029879606,78.54759756573232,35.31234720786074,3096.2470760843053,159.61511132871465,4228.649001367634,608.5999188332268,422.0916598639495,12.378556229966742,57.839055943360215
06:20:58,2302.702554357754,34.44072913101861,23.563621323401566,2231.429898954624,135.32781973352704,2311.2117902988784,623.6564749985325,121.90991215932088,9.464926652366902,72.83339849421922
06:25:58,2319.003156086676,120.91412659700411,24.8148344899587,3016.539830486125,182.96236236470756,3719.030153670688,263.3699805559157,263.7027120178276,10.487627929556933,36.598525650102886
06:30:58,2337.1304021970623,16.77028398574246,11.51951292025404,3100.1196503839105,124.0376322038098,2720.300377853592,266.4964781607398,360.1826246097079,14.104311180794616,42.03253257059437
06:35:58,2349.16710350179,79.2356316435356,17.64183729224333,1877.4178448718449,161.9271253508188,2681.434042114848,215.89176319018463,427.41781449489633,10.945653552021644,28.15712077221515
06:40:58,2398.1373514652814,19.56948658065976,36.74764060371472,2193.5341962429693,165.81194627452678,4285.360388982274,505.526420674727,239.19480572351137,14.24689927202882,29.82363816790431
06:45:58,2411.9806669648237,122.98646890707454,28.93616443875933,1349.021745420791,192.9032040170668,4274.434414967731,367.8862481386661,135.92599649640607,10.052413424014215,41.46249673199579
06:50:58,2425.287530938416,29.88994166398425,40.97210410206757,4518.474146152204,151.50687462286152,3320.420284357468,673.5451753672457,323.7457731319614,12.939534578015872,50.35207347312798
06:55:58,2444.9862479652834,104.66904625190163,16.270615022624455,3061.378850024522,183.5921464345293,2598.8322065097573,263.69239959678407,286.8492717965639,10.408783527255965,2.5248118064841063
07:00:58,2476.3234646143137,78.05480795346566,21.99855554169198,2247.5246476791285,139.84904877073023,2525.66881175068,327.5209365364248,426.2510083688248,14.316419034227197,18.072020504442037
07:05:58,2524.48352434089,55.31328303484049,41.26191667009015,779.8225656093236,195.5834682298593,2976.205760272906,390.318932592478,230.7209405333841,12.166232023092208,78.72116204843157
07:10:58,2545.943339478247,23.931925161538327,38.272898099125264,4233.352553451015,150.05854664798488,2908.546438258255,203.06598725557464,464.7089628701693,8.79792307092536,27.64462344041544
07:15:58,2589.514202605881,59.66769889528879,23.01186810285177,2530.131003831046,96.75022791663446,4565.338652049375,224.5805882187468,456.72148667268135,9.515075790163747,90.82796144656903
07:20:58,2623.2612287630864,127.18693217486728,43.54342936263401,1224.2070573243486,137.5134053417374,2814.245031902416,458.6812900559459,348.1418769099116,14.147003596921522,10.332311967769847
07:25:58,2663.3101025766964,17.81910016190918,49.71961999579558,2304.4413079514115,177.3375708308568,4665.163788200287,530.7191787100112,370.1067071124469,12.269014207870512,66.54006307102321
07:30:58,2685.2367819817,113.55519714720312,46.50212210647619,3603.9555942005127,146.48142639945257,3797.615971348362,535.3072107142976,407.5458381048632,9.782902815637382,75.94878096556741
07:35:58,2728.919073917013,79.50232436079857,8.926669015172147,4602.331788984887,119.5706931285971,3014.751418392354,359.49375403049254,316.72864245676806,9.165378265841976,38.899026938856906
07:40:58,2742.7873001985927,100.82212832821398,45.117403881726965,3931.46861995121,138.57118208445104,2013.7092318502011,433.8019939032884,150.52535144745434,10.192377675303812,4.790876510232966
07:45:58,2758.176635508584,116.17790354297549,47.32146442138623,961.2376125170148,147.76684155023185,2983.551957220556,778.1995342331447,302.1115572396718,11.719551381719864,53.15103721228278
07:50:58,2781.111500563084,110.15218237790066,20.793518230191477,4802.0750390852045,194.7357726603277,2206.263678308619,545.8554084984113,488.4311971393878,9.163200116552748,36.71337628281072
07:55:58,2812.657215686409,29.380154852960764,18.155574780062626,3294.394753773182,176.53661158547692,2786.906681887086,790.0505388791369,177.55129502702624,12.416210169350524,48.80202255790964
08:00:58,2831.354292393984,143.10609874584802,48.36529033480457,3247.397014151282,86.23682702961786,3383.0226987727374,629.0549834964229,249.83235652587408,10.706837476913806,10.692396415211537
08:05:58,2850.381324259461,141.22271217975367,49.631876806170034,4990.555621622978,84.80645099644147,3560.3521269054063,269.7791416551892,415.954727834414,10.5185186888177,83.30988731512777
08:10:58,2867.9030786729363,18.290553974695182,44.938132094892296,4363.219224018195,174.94604249588016,4932.406570398762,608.2889909247667,311.2384587860864,13.032749695058856,96.51950329584062
08:15:58,2891.5830428841177,108.88490504971196,41.27162881749704,4332.965947895591,193.46569870948449,4474.895082111825,286.32700164649,475.6009032328047,12.728890337970686,13.16196635238346
08:20:58,2928.963698150542,119.21555254561729,7.366018770301496,4377.438450059868,122.86837129621568,2488.826441287736,393.9688285185686,158.78114018389326,10.969064850058563,73.8351276871884
08:25:58,2963.848638375763,61.43691768473564,31.77798578463307,3123.41401393093,94.38707982774372,3148.299807477448,523.8260384073347,297.65080146372634,13.64691052677928,90.39919221565933
08:30:58,3000.4617924696963,84.9007137646913,48.3231440982514,4873.425634598395,156.000072092884,4382.496330225154,458.1390151849809,409.99383551481634,12.501202674356458,43.67251476567616
08:35:58,3028.711096073766,100.88956030745344,45.80997393470362,4640.230592410428,91.37036049144122,3679.1733883444153,593.0513091806965,281.458193897055,9.56119624085436,33.47606033670027
08:40:58,3077.914859011521,126.0042446870844,27.70788274623945,1033.338817569972,112.4417900967712,2238.720001959262,342.31633849593254,208.81838765007967,9.95922003287982,15.046374498181637
08:45:58,3124.369123566714,138.3407225645329,22.11736605282039,2631.829133707928,121.7309660900959,3693.691204907692,233.16283405526667,155.78635748142418,14.693682778204824,84.29849641396524
08:50:58,3139.9867244253114,46.627371784586,20.5077637181078,3349.5037958161683,85.55098507765496,3366.991633620271,312.105270708851,287.0978525963649,11.420063309224354,92.61759412423592
08:55:58,3178.87601481562,13.241449143439633,7.918803478641192,4757.438776434947,136.9177706594752,4606.292881194859,713.88495610466,214.33662719517105,13.745927931450913,67.90246773288347
09:00:58,3199.879680455948,117.56430831683804,16.8134791310709,3733.08471290308,141.13060915944976,2696.674919777075,334.93866089195586,216.248980965779,9.324320893776788,14.909081456170004
09:05:58,3244.6405156546284,141.1165266810841,31.880741778786508,2188.781226384115,190.7503393454374,2908.470896321684,762.7388200609867,273.3296560176477,11.097289668121608,63.9319369227376
09:10:58,3272.2714532943446,17.926789249144917,27.365605037497133,3880.6348884473473,172.55872988735024,3736.7678646227023,370.7892685102273,125.44330049493166,9.425090596346823,17.23662399112602
09:15:58,3289.5471989132384,10.539873633927614,8.16578147161997,2549.2913887863497,85.32264471377908,3657.005582658909,671.3598055491202,100.41918331578232,10.015294251009449,27.85676066415067
09:20:58,3324.577106349218,111.85407026713514,33.70456326089301,1362.554441458327,145.86042415653867,4985.903135212284,494.94176256312966,127.05519607023744,13.521360841565896,59.20111823395344
09:25:58,3341.432930974212,46.2431547786884,14.81435054442326,3729.563623894556,94.66662075745272,3515.978633907125,531.7764218384959,328.76738662706805,14.695296635928374,17.040287292997046
09:30:58,3355.709417538571,83.51113284707253,23.4156256925546,1197.9876350021125,91.59165836507135,3914.3523161385833,581.1186502071341,404.3807957309528,8.785784995906276,27.46647845647582
09:35:58,3395.658215954423,53.16020868318084,48.65475975742153,1332.1048915350282,139.35917257373953,4781.28347263715,709.0843622683722,235.58805694553885,10.101734542682989,46.851960811924464
09:40:58,3424.7865724891776,63.82668956575756,30.584136684324605,1381.551385772644,87.02436138155309,4668.408221706037,661.3002270980737,155.82755788859757,8.86502386821788,7.255551900196677
09:45:58,3473.4507694546446,106.17242756010468,49.11854415892842,4531.25853949698,194.25291516568484,2619.825767145262,597.6141624178493,339.09708707791515,11.543190817916148,18.68738770602716
09:50:58,3504.9938383512995,39.16613589549328,32.833874296618255,4626.059327598333,163.96342620231036,2060.989709905532,368.15142615861134,119.4391529678668,12.737136300879534,86.79319899871679
09:55:58,3533.6318050410077,114.0195061304372,49.72186407697095,4033.858874612532,108.9705818922252,4404.2808004445305,260.4552923590372,359.2228011618598,14.137318995068734,15.31598798188214
10:00:58,3580.766743993048,70.18367609109247,36.18603147651628,4921.498864050155,172.5311407620798,2877.408361900379,543.246424493991,265.71642114919007,11.161497804224071,55.16619667516506
10:05:58,3610.170160383951,105.2267401334534,25.96878471252115,4668.835792325816,127.19647055374377,2429.2008856920197,450.6096199803199,425.8041259996443,9.91731330019912,96.07701964231568
10:10:58,3630.489803814581,34.90530073457005,32.35111184938866,3579.458094122108,80.38085476591088,4349.575579485612,398.61590602667206,145.91241243659582,9.680011645682375,16.11229035224666
10:15:58,3645.8645487209,86.53658842514872,31.725277601015076,2455.2604285274883,100.98863500277189,3410.249293601093,258.21941882880907,191.61967018048176,13.802223404965709,75.52752593276081
10:20:58,3686.51765035268,86.57216340395625,35.57461248741611,3969.3108906988336,150.69720246255562,4338.909505807362,321.00278903320566,340.69405091751526,14.755411168135817,63.81436456151645
10:25:58,3697.786236348669,142.32343451346327,40.19547683961863,2150.154626082991,174.66144546021926,4946.910274308981,300.65916829600656,195.9165425084121,12.91206629212385,6.393025553042486
10:30:58,3715.3245494572952,58.7507375390116,26.02531546073893,4571.549380435594,117.14919052313296,3362.1593691793887,441.4901571668728,226.17106599693165,10.942875347552532,18.065617716097517
10:35:58,3725.3621728952,10.670761000063363,19.85372673139763,1256.1499791557158,90.4723795920922,3455.1938257131037,668.9018048152307,169.67433695246834,9.408844997062571,80.04235381733947
10:40:58,3768.0354324548257,96.01827476371705,36.160755252749325,4711.302197382629,156.53455880554122,4137.34932723818,695.5306771896728,314.4607125219309,11.30018349412667,26.31001419488912
10:45:58,3801.492233733403,72.8403074844301,48.26501363846774,2309.2781113834244,174.42392223784327,4438.436588882866,458.3290670785504,198.3776035933912,10.106990683274288,99.74797894625382
10:50:58,3818.504220616685,57.218456222680025,21.1177642446315,1426.0365392819667,82.70885539110688,4393.005129787527,781.7998692630073,230.62902829434648,13.134607445960008,68.93616273037978
10:55:58,3839.5197474396823,108.6680920862896,26.59843334311569,1148.0679952354562,188.7846963062565,2455.162246392692,603.3084914373777,173.17895186981724,14.934660971994347,80.6569257935616
11:00:58,3883.720879663673,45.98945262606615,45.26961488366776,1902.2247008192644,125.4658637410956,3714.520843483985,622.999316151275,319.2628821525128,14.315810109796418,17.40309479574985
11:05:58,3904.822027645209,42.72871157989504,19.199735409320585,3361.098893901798,119.1783828077424,2609.512795924492,498.7940204890015,110.34297729230968,14.680033224323212,8.873294449963787
11:10:58,3919.565784965852,37.60229898403288,34.9786514865871,900.6511196881805,146.5510666759175,3216.3157932882323,550.2089172663582,403.4874478155157,11.316706083365249,72.91112166387119
11:15:58,3945.927464734788,47.96377281766068,28.734187291023165,3969.2131923304746,191.83844999878556,2794.1061149333364,298.5052268390824,395.479257365044,11.981423826548452,87.9591959676796
11:20:58,3990.512871096356,48.01268573100085,31.74557673308877,1177.7266882733386,108.09937058902791,3390.386576875975,623.3534008625727,196.95912895181505,12.18464437509555,51.38274187813698
11:25:58,4035.52992351854,145.13814355460366,16.791605016056145,2465.9943064949803,103.4012069491884,2788.7988604888515,761.4988565911226,493.3312623377125,8.948282195114366,47.07058291370111
11:30:58,4053.521280269318,65.77672239243908,11.051524631136097,620.1606225381943,108.73500757292518,4446.537730987562,284.75052809248734,208.6756009045461,14.03770569094938,8.03236396093574
11:35:58,4088.454660381357,111.61629791463096,40.03814588171712,3314.179669803856,128.87414218060067,2380.0971048031383,475.7834122400948,153.0551593138675,12.423736333271728,13.732756600847562
11:40:58,4134.157779127243,96.81749202437736,10.62533374354491,1851.427920111368,86.45460837283909,2090.445415201049,583.1734117891165,202.47167907628585,13.82268063864889,58.064804418029766
11:45:58,4168.499842208351,119.88574139339366,15.336484610561453,2802.321124648202,140.05299317731246,4490.219437813541,462.3469406818823,233.19070748533483,8.854073772686446,10.825804006515703
11:50:58,4210.560919155494,114.9608275549888,5.366933170175302,1812.4318599049252,164.75572406329636,3069.758399290107,781.7882539848847,425.8502658841734,14.11211275048104,83.90371099930071
11:55:58,4233.12916762601,58.82180588856421,16.511172722745975,870.1729694464393,158.2353681197285,3761.5737166030663,627.926749749648,279.861379977191,10.665397275097774,20.40995293251693
12:00:58,4255.475819273743,28.41846900188302,8.823787661494084,807.0385089786082,171.13165015154155,3544.663125432032,572.0844031322598,175.5554716876394,13.576370758777635,17.619269469551814
12:05:58,4301.34186687431,133.4495526386558,35.537570148590945,2653.064394814689,172.75435878852642,3159.761611816982,718.2226870521943,277.1661469066024,12.32137200598032,62.75514029046776
12:10:58,4322.755029526465,61.61965343772685,9.319292371425188,1916.032578383881,159.39599657752797,4845.888162738008,490.7716779998488,134.926898291032,14.85131034113776,1.4829532786082678
12:15:58,4356.020160152716,87.13473840185877,5.498058490984656,3863.899319714945,92.96198946485364,2795.8359899630827,396.6728283298098,274.1503816196411,8.931955034518301,71.78714365202534
12:20:58,4381.2001359937685,134.03877636676134,6.009458710382724,1204.4654406425911,176.02252242232638,3201.9459382999785,269.6751227741521,114.01599958144348,11.997127724093612,57.10624139160564
12:25:58,4425.688180514651,12.626953611004753,47.03642450374375,4136.6956240859945,189.8893985512799,3665.3976835236535,727.1689475051293,462.42605511883255,14.425489017846644,96.468528954254
12:30:58,4466.824764369219,110.29755990116766,7.711197149622277,1777.6274958094225,175.8407599616075,3139.6999526984896,405.7865206770549,484.4267789689591,11.99496365087694,67.7449293536495
12:35:58,4506.216676158335,106.8329456647994,11.764630396848275,1994.7072360234365,89.24313042481899,2929.746424966232,514.7424784669639,177.29318673513148,13.844211118730549,42.29787591578983
12:40:58,4541.62368024626,88.37316891821729,44.17994839048305,2595.4522095482585,131.96256906013272,2052.749485422509,759.0059945588488,365.3496734046563,9.635005614799734,84.43463149244525
12:45:58,4562.187068907379,26.171858671622694,36.98071036412347,4763.192657617389,109.72659506443571,3170.7085042923422,762.1563692516836,432.2212065102788,9.007004477472261,65.92766359683438
12:50:58,4581.059803209582,22.07916116633028,33.07880462421201,1696.039817187007,169.17364781965088,2346.24694525626,435.72935662326034,210.6914397361979,9.890051563788864,42.62201890928464
12:55:58,4623.256394679609,116.61722204905352,10.813806837502115,1287.70556871316,122.32820339542212,4118.784072888427,674.5674621800995,291.90948457455966,8.995131758179566,61.59379570117375
13:00:58,4668.402801833212,26.4758764706584,36.78624390083198,1207.4502553853554,192.20126640256933,4113.426633260093,794.3165903786035,378.8226028094984,14.84894920989641,26.285967003318845
13:05:58,4711.745178299816,122.1644821180282,35.64086427503136,4280.648667516226,122.0075097149743,3843.5437520732335,580.937005057711,213.09615194175012,8.671341212616015,85.34633015798399
13:10:58,4747.735184908474,15.006631455544603,36.14397352851808,4254.233132117402,158.6149698601267,2294.1186479291355,358.0245919087388,386.85443538485777,9.366531189849916,92.33301490880665
13:15:58,4769.074639000652,41.49263092050552,29.861620647795583,2283.0409362051723,160.47278866780275,3652.772282039807,308.75842240303683,283.1843398703477,14.785343082449934,57.08776354256968
13:20:58,4807.259179050714,103.83222456745544,34.95561121050274,902.565129739376,175.85024407273164,3817.8536962118087,537.374960719403,346.68123672927493,12.053372630823356,23.134837408597253
13:25:58,4847.348767091992,65.64070361418828,17.56064423758831,4124.718066750341,116.61439342164648,4414.671167944855,665.811833033541,105.21968475433954,12.936437070990127,55.40298640770547
13:30:58,4876.074915569932,86.72953251513715,42.800336818210326,3457.522824582876,163.67397447714924,4606.183094529848,484.6429309483305,173.08755516842038,13.113360021317249,35.40638233790021
13:35:58,4906.151598040928,127.01152150576426,7.667792939031432,2040.945349226222,111.23212595570745,3997.6028945800567,793.2007757567013,390.7691956098394,12.517999968158112,71.8133962248394
13:40:58,4938.386810356924,119.724395651135,29.148718768626573,753.2031602065066,128.46034573666685,3458.182732209977,437.5036673153344,248.8608885354551,11.491605080633605,3.0450845265400983
13:45:58,4977.040366871047,146.81391214968409,41.46448179269821,4825.35030284909,130.05128426997774,4862.198890609645,363.5267784900423,191.42345586498124,10.291716963712268,60.72407269929909
13:50:58,4992.348416564816,84.61492409688074,20.100005975572373,1375.3708122987116,181.8153576171256,3356.9783972178884,758.689691340358,240.70961919414984,12.164490838843784,66.79361386251932
13:55:58,5032.521654703836,105.80763024074146,22.068200115279883,2265.923326548604,158.0138957602941,2679.5150344946915,469.4558413799332,321.8239744215316,9.699861551802748,93.52574016072512
14:00:58,5072.879524139846,44.78016748825259,33.13282052829158,1241.265494139935,166.8951963459972,2799.884512104094,515.3287677732194,196.9370117954694,9.32498516637321,51.67304284544052
14:05:58,5112.586164765153,105.71021726522044,23.59680270860432,1931.7775192922013,158.48728098235108,3655.548312716498,279.0690677396617,315.8063771591226,11.7723521390135,58.12460975121305
14:10:58,5134.866372557598,15.931094798661691,38.318301905235295,2757.933442398332,138.56282739135537,3906.931939669364,453.5958570511084,348.6400067331872,12.863014902442174,59.87773715072632
14:15:58,5146.086967993553,60.32054273245949,33.85806918955494,2657.374624703574,171.6200303895465,4143.154388180321,787.4315562704611,180.21614344993375,14.025141116406813,88.38689914266402
14:20:58,5162.123619240372,33.286477083410006,21.97978429804061,2808.663211966314,155.32344495395873,3763.978933473441,253.9867051093667,104.89621936024945,14.512819185314598,39.6375370484885
14:25:58,5185.0122343137655,46.69827845127658,19.255252411435933,2132.086694852865,113.38678836790736,3608.127630980053,459.1098184139731,132.7191404084644,13.144847183064163,93.57557361659472
14:30:58,5231.509754872935,118.13451818930972,19.982110005415286,1315.2280399226336,197.8112672038989,3660.9108613067538,510.9379361510096,123.36585748350988,14.224614995608114,88.57875511063276
14:35:58,5276.999083309103,137.17944066498623,24.80307681616929,3378.4978146888875,173.82011099564562,2530.384507894614,392.47141019468825,146.97144286785488,12.25606103614268,71.69583742586487
14:40:58,5293.912228224383,18.068669647101878,39.45601173982136,3323.2232446350267,93.13745224938262,4524.657839286607,293.12957573517946,221.1605585655715,9.672181837800304,73.0864704982912
14:45:58,5319.886974027526,133.66283008853983,46.82846748812084,1800.5422633498945,128.0906594442748,4894.533169529253,417.6358073064862,223.48117159982783,9.506950916054194,22.842008096124346
14:50:58,5347.099043337513,143.75359943293336,37.93261586500498,2061.6807602397453,188.91820227454463,4179.63759197251,515.2357263792876,364.1902800659575,11.390045071567116,30.330905390388363
14:55:58,5359.271927534793,14.192660520493623,8.911487357228266,3608.1013833429993,110.64931730420903,3484.289777735891,230.93155785146837,410.8681653266849,9.719846347818724,82.29228573827511
15:00:58,5376.34938857194,142.91021865012928,42.72383867067749,3645.794970277224,193.37305529578293,4615.502009939379,673.0839028216021,132.80724100820112,9.518718284648475,74.9085521241075
15:05:58,5389.189162262091,19.697895363362324,34.64410205713959,3532.6454097530427,121.32230605020597,2446.789156868929,439.9834192262822,405.3560458072678,13.445005081132347,76.33659285742146
15:10:58,5420.265780354528,55.196108612053166,17.713435355491224,4367.472145031936,168.4066091352579,4808.429474463889,488.6682788783967,272.05308710162944,12.257440358699798,67.57046545150064
15:15:58,5438.630636612524,76.73217929066065,40.70230497851313,1043.6253300896728,101.90868322335037,3256.4770120766216,297.83781947294347,323.6606564262887,9.795448569645291,43.198364541584056
15:20:58,5486.08099429958,45.851149323253736,43.568464210499805,4331.09592692731,122.84692267041656,2316.7310342301143,625.8935375522278,440.5523999818725,13.784079699086153,72.95332948013525
15:25:58,5526.714538398956,82.25492368993176,30.815321857248463,1073.8767799852562,107.49337154998985,3875.096403440176,654.2915232024454,390.08533086729466,12.163410929525377,45.86547126788173
15:30:58,5539.096084828076,118.62421428237047,22.418551748142523,4808.7826103146845,149.1576804515368,4322.078578903455,776.0959134113757,467.0146161715753,11.225543033360028,0.9946969608990774
15:35:58,5560.590733966332,68.94999122085952,40.20118724593134,1286.6535053717914,163.49093560093166,3021.863547159168,730.0159844911087,429.8683405053823,13.784453358589158,28.74798675906981
15:40:58,5610.186797815814,60.50719081057947,49.01717154606135,659.9677577640339,177.47962987814162,2860.424704637731,696.6326846878226,421.621703939872,12.657162334749096,4.192840296224542
15:45:58,5651.486864149932,69.75619927979102,18.94803249329634,1116.200996863366,182.0307580245564,2202.931021311741,770.3837059649389,342.62351622734184,9.211463997490258,19.358269122048
15:50:58,5684.363443634144,60.90101180787096,44.65452683894385,2779.06648243441,124.10515401488767,3070.7302370577327,581.7227864954425,296.5217242355404,9.03690130147142,14.025080579248584
15:55:58,5714.761111051767,102.63166043678989,35.069044482404955,1419.2560231400398,131.73036381441352,4660.639444727937,352.1438495954089,148.42294273182142,11.937408549287571,63.11578659792664
16:00:58,5763.629739921041,90.0859399473932,39.32370655451103,3399.4699251470333,94.74722403461752,2380.16188722259,563.0208190950327,465.0012627574425,12.75981156240348,15.249979181603043
16:05:58,5810.539004819144,139.89810207654975,9.840375629260864,1586.0621585526883,101.85348294374332,2644.582701269112,678.6486142622555,470.1051583322452,10.881597341489904,70.59029024961491
16:10:58,5851.850875246812,82.61950687181816,37.37885662335744,2637.411199029256,126.35941543606124,2867.076303211348,454.92473572586346,158.29419308814715,12.495492408055185,31.185051625696318
16:15:58,5876.88835313165,116.568014567043,37.97295777246082,955.4540137876088,155.34169197290345,4066.313346840524,471.7673834792058,118.62872809079784,10.044091454023352,68.97446167105066
16:20:58,5911.454529357444,136.89991411539324,15.703513901620502,4711.320309233148,180.46887111670293,3235.596243760004,753.8898650670773,197.86256838612076,13.272948090186132,76.76160999958903
16:25:58,5945.362950744053,118.58444073809626,46.606239809762045,4215.408907547253,162.17682127860584,3784.990799316397,643.7945082368049,347.31142493337364,12.717633673729988,75.1592438896891
16:30:58,5979.424435401966,142.44189277660115,11.322266085019528,1620.7838483472592,83.14745751545487,4958.81431335455,527.2288448028182,296.8354709258982,8.706668296523251,33.268646330143966
16:35:58,6028.928777558397,118.89832162035184,39.543975264607184,3300.3630087763645,126.61669044486662,2770.769543826995,715.0317772734924,439.0539630430686,11.914553981079989,77.9786872150762
16:40:58,6067.127463838599,60.08212451521055,38.88680009413165,4563.17039117147,109.46684771793124,2706.207868292859,568.084609536564,433.036482212834,14.509525909225852,65.49496528700229
16:45:58,6107.842833159987,33.98477026394327,44.91929737400785,1994.5923540199967,190.2924729115741,2188.279650123004,599.1091759332007,156.41606276932518,14.164156942578732,28.84372213974079
16:50:58,6145.978027671889,81.9766248828027,40.61684859361174,3913.988370359175,172.77962255716028,4167.952857998114,555.6296627827969,411.79650904958913,9.88043812140554,5.526128194305546
16:55:58,6178.349704157468,45.70226465573362,47.62953878720582,4037.217998586132,128.88731765528829,4273.525071313839,282.9461860965333,307.885500821752,14.218631876844368,84.69893403006994
17:00:58,6198.985913023278,148.57253185471237,5.2169498022827545,1980.7024920565063,172.85843475473672,3369.284431836289,648.5345737990328,317.04244097554533,10.113805248447736,4.720016741657296
17:05:58,6248.628731978747,19.008317337886787,47.3489752833153,1502.5090591530711,198.73277217422236,3565.75540793588,743.0625482275296,353.3915447089447,11.53767343613125,41.7140818371966
17:10:58,6286.637764248372,42.04796597353986,38.54761354354678,3411.300325013631,174.81205664058547,3877.171046114868,714.5978244643524,402.8373366478132,10.551658875340248,93.93068976258914
17:15:58,6317.731521253999,31.95330586351504,40.728610187975725,937.5961239859388,164.52699836052258,3983.672442107249,257.74234843067603,493.6862406464686,13.091779146240007,14.224227913646825
17:20:58,6364.909920979819,22.71064835693625,5.1126987605892,2366.3062364867724,145.79154537202248,3439.8183927149444,349.83059719307795,161.2231231416027,9.016932118240872,56.82501236391004
17:25:58,6405.820646587003,43.27998011626703,36.99283699020441,2922.7649272477715,105.22623670927052,2262.3053862790134,215.7411794178434,461.03480008128906,12.958451813134332,80.3155495272293
17:30:58,6445.379656249182,19.78373458261309,48.25521674635762,1584.6596724069943,119.70913052781184,4995.776002773928,577.8723684230226,443.038206211868,8.885439737542807,99.5075627349244
17:35:58,6487.415413016949,144.62559584634863,13.838112832586775,3639.5776539234153,168.42495797527243,3374.7112926238497,727.1715967037132,123.578209002258,11.891120792747826,20.60102975258783
17:40:58,6537.027681181973,41.43633886291149,45.14980245338874,1200.4362341897238,177.37261923289066,2044.189815920552,540.6967343514408,458.02539071250527,13.756728940486363,16.768502652451765
17:45:58,6556.814163133461,24.22878075069012,47.34645990038595,4004.4790534938375,186.03994340928205,4805.720229568908,437.0239920051424,228.32610909510308,14.197201092394703,75.98189368018402
17:50:58,6597.772646441671,78.0219119278743,43.2729370015751,4708.635710425786,85.23128109383401,4031.328827572009,269.0211597011897,238.61178544507777,12.255089933750837,74.02324808812803
17:55:58,6646.101977211283,35.44003437550643,20.277400020932298,1890.7437789085309,88.28258087285738,2650.8960120476213,727.783460971547,237.76607368454484,13.625447051406296,7.707473923735153
18:00:58,6686.477185048008,16.97460223891115,48.83991116598696,2492.5213519073222,114.10557707903112,3047.2964274614105,788.9271674338916,151.54736376364673,10.727356408615275,22.39582013007515
18:05:58,6702.516825649644,103.99628688269097,35.65917559911382,4768.066471898918,90.78128348398036,4333.045465218544,500.44373559168463,260.614981340864,11.293344037781589,37.64175605083041
18:10:58,6718.450250418407,80.5242214784058,49.98098317551148,1619.417294503845,186.64661480418988,2231.849606024695,569.8643750048102,352.460432758279,9.65507859054891,65.89349746273679
18:15:58,6761.850175029788,20.495328247876703,12.854016315735777,4112.5596034654,148.95757260096337,4445.17397543804,535.5593274316254,295.69422198279227,12.916421111991186,55.74170506702689
18:20:58,6802.505953220386,69.97709594519051,16.1691180342331,867.3679282746434,166.0868583022556,4809.879529317177,518.5794215391487,296.17866400681595,13.45558467154174,33.03135526706834
18:25:58,6849.575209287063,54.23611841457375,35.42631148581296,3085.170128566177,191.88429542233476,3336.01172119673,577.8910929792665,270.8280814256051,11.57716531626957,51.596351826931134
18:30:58,6876.597182319436,38.99787902683924,44.736666349594735,2383.192865457747,112.66350392407688,4474.965248735651,593.193438135621,208.73591129580615,10.834464377800767,19.516700179054467
18:35:58,6894.470753011376,21.521543797324675,22.789646955577567,4283.167590259828,152.80847534676118,4107.254842679653,644.0084932389886,155.81680396316483,13.62968793483774,4.864465392450157
18:40:58,6908.43399350154,148.93204191252417,11.108332949252144,2894.656619939458,183.1936529600274,3305.928620370348,290.976722218572,318.077724785492,10.791245193727258,49.772361443285554
18:45:58,6921.905832224003,98.02570633108704,25.55104270887945,3869.259198332997,87.48841150487063,4728.720122443165,556.0224997995948,135.95984906693187,9.232298194785333,58.898988352022464
18:50:58,6934.635900692797,23.17284109231053,15.122247812652848,1043.4097296967966,195.0417497343563,4942.873777211243,514.6017161025158,448.85394578570606,10.879030873380357,90.87655757407948
18:55:58,6945.956834469343,74.4889465983858,33.29113763117067,3639.271843803833,113.57481855337502,3364.594293931777,701.1848046041226,274.8346110691515,9.696599528031872,35.368715812795514
19:00:58,6986.223821423402,26.408549978751992,43.53976882091047,2143.656224459548,168.8935143518682,2188.8412683001734,256.79960573142284,192.58722774134824,11.509591270838293,55.78849127458104
19:05:58,7018.051021874305,29.65357548670813,6.386584686124244,2980.046678311672,162.88794346123052,4667.397068412543,418.7972191624273,296.0218196792073,11.721300261542188,81.1092460876401
19:10:58,7030.517993481539,70.75859945590021,22.982006711601837,3070.1137896878604,131.44133066213934,2291.714398989692,207.74807023984488,395.6852494693738,13.771291107284872,97.63046341937692
19:15:58,7069.051497827467,141.82072061413734,36.63972287179007,1971.480427023868,141.0652045238209,3800.5091428230903,232.71453309977355,449.3375203703508,9.862006797771365,17.43114211587128
19:20:58,7115.745074754223,96.4927982202438,11.835197441434335,4096.919806190876,191.1519882471828,2471.8873624507114,224.08302714341812,186.4717455910681,13.586277758731097,80.18765883557114
19:25:58,7151.810043707924,92.1119966376552,14.324060274063187,1683.609449576538,179.15471845172777,2800.0076415903904,253.54162436493425,359.286448105774,14.520061028491329,16.661704667387323
19:30:58,7200.972690585892,32.7712706895634,30.760837946243196,1955.0963206011093,82.91345385499008,3957.000077514256,712.369721595287,335.1057247430546,8.667139989785612,70.02569210048846
19:35:58,7230.805878182012,69.7588283464743,40.00196351614802,4004.7531488687214,185.32866973629444,3892.8596598493314,631.5795825572018,171.11796309783472,14.662802616958178,48.30266971381021
19:40:58,7256.738404677651,14.590793117017965,21.42491570777248,806.2776210787147,183.0635720684712,3343.3357223042563,723.3901082506455,139.7720319562519,13.474292090761292,23.98101702542516
19:45:58,7286.504541669215,113.29554182554357,9.17485815337235,2785.5159106555147,173.26590502071713,2874.8759627164686,432.3122401256363,174.19279215341544,12.029884977361707,94.47725356082056
19:50:58,7307.969206932237,113.62253959400198,32.26344865779455,775.3534557820738,185.39735268481007,4262.433548625644,231.38699076346,122.88720557855191,13.19283041003034,88.96583192973232
19:55:58,7351.163135822656,72.56089693004726,21.90891861998797,2535.9266333063115,194.35612494827183,3796.002739419036,587.2878905200142,241.7103408287919,14.539243705842388,98.18406251608464
20:00:58,7399.758011509109,115.47072599119082,7.135555339016116,2915.3846805595585,142.26123411936095,2257.657040722258,737.5921384318572,418.9688780778878,14.509917266119928,49.21869277780932
20:05:58,7421.01756474792,97.25852141116452,12.5321395847658,3382.554861779664,194.53365619253688,3932.314527821487,653.9055035969754,101.13483449970396,13.533219590158213,96.3430727314142
20:10:58,7455.070193556761,62.29913124822082,10.823933228332166,2539.8556771492176,149.4033916820847,4532.168105955292,658.7590274586345,166.5323851504454,13.55619726323719,60.36687412035873
20:15:58,7476.574419657631,131.7706588492781,18.809326664490868,2767.9274233782544,184.30421738251084,3219.6622561888,699.8496460903156,128.39552736930372,13.002717612613754,86.167052876889
20:20:58,7496.456885543967,102.00226529793864,19.538526084524687,750.1877049780314,135.2486837700288,3918.216144530018,250.4500207693661,224.87104027949164,9.429768402272147,1.3705505473257218
20:25:58,7544.053841255658,53.001680927401736,26.55661748215556,2067.480117145001,85.72612023894034,2289.5382557790285,249.30377288609333,477.0319450714147,14.76954289381928,90.74601739311464
20:30:58,7568.508744979767,26.54312816715151,42.83428907711275,1339.1508949615086,143.52145726663505,2717.286574280908,291.6457542967963,400.3051653970225,13.73942935809228,94.78611238671128
20:35:58,7598.543458889135,40.8722720875797,27.74386042053346,4401.464939962217,105.76827823695966,4523.842195826334,278.8691175018557,221.48645669630943,10.437203912353608,59.6078970529495
20:40:58,7610.266309764042,99.93873149242192,49.91735692307055,973.5453845946583,153.32180257951774,4833.281221633218,280.26093526978195,406.982421225472,10.050659501794406,29.829296675929704
20:45:58,7645.541846392898,118.30039088539736,33.34926882874463,2910.611766257008,95.11376631471094,2096.0062236757826,445.9746385999822,204.17665933961277,12.774130995102322,56.620130361221165
20:50:58,7673.132748865081,82.92016218295072,26.668438001682546,1614.804619652082,186.32575409696213,3759.857554850886,347.0726792551776,262.1473877208434,8.567394024335002,68.54043750809372
20:55:58,7690.793104010339,25.52347192385708,13.490357684619717,3383.887240868566,113.07148251930008,4047.850257230456,463.6699588191356,444.399401359969,10.912770032670656,97.3591620474896
21:00:58,7706.829344303073,24.503919174587445,25.43308337596887,2882.2297317977527,117.01677131366093,2955.5807490683337,422.6213440339171,131.88241235815158,14.811785478184657,71.63470429709629
21:05:58,7729.913243393422,118.012784869673,13.011381162707464,4649.479029477413,182.58758148874148,3731.2889988496063,378.5387034627444,402.7957876289611,13.914100777944236,1.746014807221019
21:10:58,7741.551820797417,79.75992995555518,6.671171945042095,1952.9375909083333,114.0152018732662,2605.83664360527,791.0379113076768,499.56962339928185,13.203935658525063,78.67029942505232
21:15:58,7766.840853370252,132.65093457595242,48.13680291141677,834.8213275100056,161.15548795189116,2588.2674078642967,690.2695052292745,440.9349148390869,9.517068937099928,93.82951075521484
21:20:58,7779.68480427102,80.13187002491841,28.51601940546114,4760.138541967722,163.08625552488334,4405.941026323207,277.6443557800821,248.18383788657167,12.167836649150876,22.467920033714417
21:25:58,7811.82499602919,68.14834647718519,21.78234271414889,3558.306542451842,184.0966970556813,2462.2906526698407,684.5900961379951,234.0868745242153,11.015629149943496,74.8688381013482
21:30:58,7833.383124866744,127.24438236205376,33.989477731797216,3322.84222074259,138.5282469571554,2939.2372012941214,548.7015059116801,268.9718641449117,12.38199823664785,36.98630666786897
21:35:58,7874.377077912987,75.4853398548126,9.001744893087265,2302.7229111875376,128.71560909367997,3708.1558875894953,436.864142892019,398.6944215932955,14.39406204456296,63.77433995647807
21:40:58,7919.968050253239,65.00114774862766,44.72213473374329,4177.549996458885,91.37266509805288,3121.078652936163,749.2345290789912,362.00633300096337,9.34650537860905,33.638985834601456
21:45:58,7964.649533428512,78.56230521458843,46.60602759392292,1886.9759454014131,173.23120358203016,3573.506881701469,621.8040953907855,397.2036455491765,11.89366837894437,21.62699586514769
21:50:58,7982.97697517122,39.0831541080648,37.23761035155662,1693.0259296614424,81.27558453092243,3988.672579741807,440.4597900466402,159.4874141404638,14.17037160013573,73.81446677978218
21:55:58,8000.503436779602,18.38162739425404,41.49747522777974,3320.2916256969697,122.50688716550214,3970.642989517996,268.8561311393401,104.29488387741088,14.501680019023585,8.521377171174393
22:00:58,8045.139067612979,118.25039215047508,44.68543141516875,1741.6698805399071,141.03045765481784,3491.3488149576683,581.9519580064396,253.98308386969276,12.998938101220263,3.839806260333878
22:05:58,8070.745796426775,32.60552321048574,26.16886789621811,2517.782971607354,100.6461041277479,2844.949613194328,711.6656314424567,344.8641312374242,12.508251278062396,33.880955675555704
22:10:58,8101.149381573646,144.37537368728843,43.96670177956168,2965.043566406963,112.56832716085933,3669.836874266176,626.0245984058351,298.7425310571448,13.471392174286798,71.46147342035162
22:15:58,8150.192065691277,86.12411583119149,13.43962377138338,837.8967293349581,127.44034494665388,3353.689447077965,570.9359028914444,314.9347740249248,13.07145996130981,25.230688865606588
22:20:58,8165.261746910925,125.9772886197252,47.85740485944011,2448.178078406004,187.4556510060092,2055.6329306423645,466.1285050671759,164.8883211725749,11.564766869845972,63.33722859001899
22:25:58,8193.34523403362,64.25057063779141,22.64549824265076,4317.893273773434,96.14116788283869,2342.815109323255,766.9882195245141,489.934076940122,10.88433684220407,35.765766856120905
22:30:58,8243.161395184577,16.250050438921903,38.59379285006686,2795.608481174911,177.7705870450336,2125.4849961981818,683.5794768015003,243.00952142911544,14.419831030256798,91.97803497234209
22:35:58,8290.162781661353,89.7161281293291,18.83811947256685,1635.4692192194066,80.17073360798373,4262.931849802116,441.4616908617232,491.3517186251101,8.761627011914443,28.18772636223906
22:40:58,8326.401427548406,57.8447148751629,25.980713515619207,2721.7075912587075,115.44544324384938,4788.174875787795,284.9437678624394,465.67658824669616,13.028779756762033,95.66769810064604
22:45:58,8362.668852794064,29.42393226929794,20.55245411317231,856.285732537702,120.8893248081124,2085.669714694336,201.08658598535104,286.8601752788486,9.731822799495273,62.88237750199585
22:50:58,8410.965843693246,106.2434127685848,36.50083544043619,4082.134085519832,141.59855044280312,3643.306213309684,788.894230354362,154.610149725668,8.580134311536229,38.69877173712739
22:55:58,8456.848183891321,118.70359397599589,23.60048930496184,1330.201363835816,140.04406417093605,3873.588355277804,763.5987038618243,256.20907673388785,10.050686175006897,47.855191461718285
23:00:58,8477.496933569437,119.7600949872903,46.02624762025945,4509.001761318429,99.70693756684804,3630.226746649972,212.8212255646559,426.7624116152464,10.469778324598732,86.73470062514856
23:05:58,8521.24045839282,85.38031228181532,44.69293585873171,1403.3208678967471,141.72817340090185,3942.9070122679486,687.3394355089752,438.8128944783684,14.132757436313224,83.35481051386986
23:10:58,8539.784724600824,72.60305019892351,11.223122602293373,1481.7493356150658,142.9288540164186,3860.1874337874215,797.6604908325903,253.4152308114071,14.806677493271163,95.60399179314923
23:15:58,8580.447831605237,148.11774661305674,24.857823310405184,2396.639878841534,102.82923352262308,2105.869432339531,208.89922832936657,105.39703779935734,9.978058156562724,9.922084683450915
23:20:58,8608.439824663192,130.4113231884491,41.853481828667874,3152.8854541220444,176.31562854343883,3391.97006496254,600.4132921376623,355.5228059580945,9.955229896692911,28.62246208764264
23:25:58,8629.118038535595,112.67398542920218,41.8132422248823,1163.6202173708457,136.78616035834483,3652.019174570702,723.0119351728428,337.52045158177634,12.819033454436658,90.86485222560484
23:30:58,8672.054539668072,27.741640573137047,27.175526673916707,999.5036622837396,138.71850076747728,3876.530320536276,734.4483788005997,498.4159436914285,10.525621471096825,48.79406302756798
23:35:58,8683.97760968553,51.41987986438456,38.57059159215012,3483.957662681591,120.8609685119533,2253.778114577456,257.9990095741153,234.85539096703536,12.949918542288962,70.18766705565126
23:40:58,8704.191889554279,94.5723154049945,16.231590351708434,3775.192421046067,91.87945630280076,3647.433269550462,312.9713902078043,423.3549686798568,9.829992740254283,62.57618052585004
23:45:58,8738.52876279615,140.96595854482314,20.650378028936736,2163.1243469348296,154.23812267764612,4177.53875954795,334.59559447571564,363.0211722939927,11.517695177065177,48.65646161574041
23:50:58,8782.5213468782,46.81594963424673,19.016426230195304,2612.4857171682247,145.73525310446195,2226.432652770839,513.1464358087384,421.2216321856668,10.008046938979044,55.15981704974974
23:55:58,8828.835029670563,64.48576074981673,12.405890822111028,4713.963620125849,101.59848674275442,2427.511890454044,439.4784057597599,428.98677244456087,9.55110934760935,64.5668338617711
